UniqueID,First Name,Surname,Email,Status
CUS3791,Douglas,Baudoin,DouGLaS.BaUdOIn339@yandexhotmail.com,archived
CUS1838,Billy,Forbis,billy.forBiS746@yahoo.org,suspended
CUS6197,Vickie,Graf,viCkIe.GRaF269@yahoo.org,active
CUS9300,William,Pressley,wiLLiAM.PReSsLey409@outlook.net,active
CUS0247,Lynda,Sprayberry,LYNDA.SPRAyBeRRY714@gmail.co.uk,archived
CUS3323,Larry,Harlan,LaRry.HARlAN562@yahoo.com,suspended
CUS5739,Heather,Corey,HeaTheR.CoReY970@yandexhotmail.co.uk,suspended
CUS9620,Deloris,Duncan,dELOrIS.duNcan116@yahoo.com,archived
CUS4875,Chris,Gordon,cHRIS.GOrdon957@yandexhotmail.org,active
CUS6618,Katherine,Leon,KaTHeRine.leoN542@yandexhotmail.net,suspended
CUS6073,Chris,Michaelis,cHRIS.MIChaelIS403@outlook.co.uk,archived
CUS5560,Susan,Rudio,sUSaN.ruDio339@outlook.co.uk,active
CUS3042,Aaron,Gray,AaRon.gRAY203@outlook.com,archived
CUS2938,Ralph,Crock,RaLpH.CrOCk760@yahoo.com,suspended
CUS1840,Laura,Kinroth,LAURA.kINROTH409@outlook.net,suspended
CUS8147,Maranda,Burton,mAranda.burtoN221@gmail.net,archived
CUS9763,Candice,Saunders,CaNdIce.SAUnDErS676@yandexhotmail.gov,archived
CUS2643,Robert,Flood,RobERT.flOod121@gmail.org,archived
CUS5314,Essie,Fowler,EsSiE.FOWLER293@gmail.org,archived
CUS1793,Michael,Collins,MiChAel.ColLiNs679@gmail.net,suspended
CUS0755,Julian,Gonzalez,JuliAN.GOnZalEz881@gmail.org,suspended
CUS7057,Kris,Ogden,kris.oGDen124@yandexhotmail.gov,suspended
CUS6238,Lisa,Zayas,lIsA.zayAS952@yandexhotmail.gov,archived
CUS3573,Beatrice,Hall,BeAtRICe.haLL884@yahoo.org,archived
CUS2128,Colleen,Hudson,ColLeen.hUDsoN760@outlook.org,active
CUS5572,Jennifer,Yager,jEnNiFER.yAGeR801@yandexhotmail.org,archived
CUS1055,John,Griffith,jOHn.GriffiTh427@outlook.com,active
CUS4598,James,Rossbach,JaMES.rOSsbaCH506@outlook.org,active
CUS3061,Shaun,Dennis,shAUn.deNnis399@yahoo.net,suspended
CUS3375,Linda,Castor,lINDA.CasToR512@yahoo.com,suspended
CUS9406,Margaret,Sellers,MARgARet.sELlErS707@yandexhotmail.com,active
CUS5224,Lonnie,Kam,loNnIe.KAM355@outlook.gov,active
CUS7290,Thomas,Reed,thomAS.reed979@outlook.com,active
CUS8383,Consuelo,Canterbury,conSUelO.CaNTErBuRy669@yahoo.gov,suspended
CUS9084,Hector,Schultz,HEctOR.schultZ412@yandexhotmail.co.uk,suspended
CUS9657,Joseph,Farmer,jOSEPh.FaRMEr243@outlook.gov,active
CUS2421,Gloria,Shutts,GLOriA.shuTtS311@gmail.gov,active
CUS5233,Daniel,Leuthold,DAnIel.LeUThOld848@outlook.gov,suspended
CUS1699,Elaine,Washington,ELaine.WAShiNgToN842@outlook.org,active
CUS3094,Lynn,Wing,LYnn.wIng371@yahoo.com,archived
CUS3848,Barbara,Macarthur,bARbArA.macarTHUR523@outlook.com,active
CUS3992,Richard,Juarez,riCHArD.JuARez591@outlook.net,suspended
CUS3518,Stephanie,Willey,stepHAnIe.WiLlEy937@yahoo.co.uk,archived
CUS1389,Monique,Bradley,MoniQUe.BrADleY102@gmail.net,suspended
CUS5726,Terry,Petersen,teRry.peterSEN730@yandexhotmail.gov,archived
CUS5333,Michelle,Mason,mIChELLE.MASOn537@yahoo.com,suspended
CUS0095,Joanne,Stuer,JOANne.STuer450@gmail.com,active
CUS3834,Joshua,Crawford,JOShUa.craWFOrD130@outlook.net,active
CUS1268,Rosa,Seever,roSa.SEever195@yahoo.gov,suspended
CUS4049,Joseph,Zima,jOSeph.Zima739@yahoo.co.uk,archived